<?xml version="1.0" encoding="UTF-8" standalone="no"?>
<Entities>
    <ExtensionPackages>
        <ExtensionPackage dependsOn="" description="" minimumThingWorxVersion="8.3.0" name="DatePickerNoIcon" packageVersion="1.0.6" vendor="IoT Centre Lab"></ExtensionPackage>
    </ExtensionPackages>
    <Widgets>
        <Widget name="DatePickerNoIcon">
            <UIResources>
                <FileResource description="" file="DatePickerNoIcon.ide.js" isDevelopment="true" isRuntime="false" type="JS" />
                <FileResource description="" file="DatePickerNoIcon.ide.css" isDevelopment="true" isRuntime="false" type="CSS" />
                <FileResource description="" file="DatePickerNoIcon.runtime.js" isDevelopment="false" isRuntime="true" type="JS" />
                <FileResource description="" file="DatePickerNoIcon.runtime.css" isDevelopment="false" isRuntime="true" type="CSS" />
                <FileResource description="" file="d3.min.js" isDevelopment="true" isRuntime="true" type="JS" />  
            </UIResources>
        </Widget>
    </Widgets>
</Entities>